system,game,integration_tier,json_file,source_fields,triggers,unsupported_fields
genesis,SonicAndKnuckles3CustomKevin,contrib,rumble\openai_retro\genesis\contrib\sonicandknuckles3customkevin_genesis.json,11,7,5
genesis,SonicTheHedgehog2CustomKevin,contrib,rumble\openai_retro\genesis\contrib\sonicthehedgehog2customkevin_genesis.json,11,7,5
genesis,SonicTheHedgehog2CustomLeaderboard,contrib,rumble\openai_retro\genesis\contrib\sonicthehedgehog2customleaderboard_genesis.json,11,7,5
genesis,SonicTheHedgehogCustomCathy,contrib,rumble\openai_retro\genesis\contrib\sonicthehedgehogcustomcathy_genesis.json,10,7,4
genesis,SonicTheHedgehogCustomKevin,contrib,rumble\openai_retro\genesis\contrib\sonicthehedgehogcustomkevin_genesis.json,10,7,4
genesis,SonicTheHedgehogCustomLeaderboard,contrib,rumble\openai_retro\genesis\contrib\sonicthehedgehogcustomleaderboard_genesis.json,10,7,4
snes,ActRaiser2,experimental,rumble\openai_retro\snes\experimental\actraiser2_snes.json,5,6,1
snes,ArdyLightfoot,experimental,rumble\openai_retro\snes\experimental\ardylightfoot_snes.json,3,4,0
genesis,AwesomePossumKicksDrMachinosButt,experimental,rumble\openai_retro\genesis\experimental\awesomepossumkicksdrmachinosbutt_genesis.json,4,6,0
genesis,AyrtonSennasSuperMonacoGPII,experimental,rumble\openai_retro\genesis\experimental\ayrtonsennassupermonacogpii_genesis.json,5,0,5
genesis,BonanzaBros,experimental,rumble\openai_retro\genesis\experimental\bonanzabros_genesis.json,3,4,0
genesis,BoxingLegendsOfTheRing,experimental,rumble\openai_retro\genesis\experimental\boxinglegendsofthering_genesis.json,8,2,6
snes,ChesterCheetahWildWildQuest,experimental,rumble\openai_retro\snes\experimental\chestercheetahwildwildquest_snes.json,8,9,0
genesis,DavidCranesAmazingTennis,experimental,rumble\openai_retro\genesis\experimental\davidcranesamazingtennis_genesis.json,6,0,6
genesis,DeathDuel,experimental,rumble\openai_retro\genesis\experimental\deathduel_genesis.json,5,3,3
genesis,DoubleDragonVTheShadowFalls,experimental,rumble\openai_retro\genesis\experimental\doubledragonvtheshadowfalls_genesis.json,5,3,3
genesis,EarnestEvans,experimental,rumble\openai_retro\genesis\experimental\earnestevans_genesis.json,3,5,0
genesis,F1,experimental,rumble\openai_retro\genesis\experimental\f1_genesis.json,7,2,5
genesis,Fantasia,experimental,rumble\openai_retro\genesis\experimental\fantasia_genesis.json,4,6,0
genesis,Flintstones,experimental,rumble\openai_retro\genesis\experimental\flintstones_genesis.json,3,5,0
genesis,GlobalGladiators,experimental,rumble\openai_retro\genesis\experimental\globalgladiators_genesis.json,3,4,0
snes,JikkyouOshaberiParodius,experimental,rumble\openai_retro\snes\experimental\jikkyouoshaberiparodius_snes.json,2,3,0
snes,Legend,experimental,rumble\openai_retro\snes\experimental\legend_snes.json,3,5,0
snes,MaerchenAdventureCotton100,experimental,rumble\openai_retro\snes\experimental\maerchenadventurecotton100_snes.json,2,3,0
genesis,Marsupilami,experimental,rumble\openai_retro\genesis\experimental\marsupilami_genesis.json,3,5,0
genesis,MazinSagaMutantFighter,experimental,rumble\openai_retro\genesis\experimental\mazinsagamutantfighter_genesis.json,7,6,3
snes,MegaManX,experimental,rumble\openai_retro\snes\experimental\megamanx_snes.json,3,4,1
genesis,MortalKombat,experimental,rumble\openai_retro\genesis\experimental\mortalkombat_genesis.json,6,4,3
genesis,MrNutz,experimental,rumble\openai_retro\genesis\experimental\mrnutz_genesis.json,3,5,0
genesis,PowerAthlete,experimental,rumble\openai_retro\genesis\experimental\powerathlete_genesis.json,5,4,2
genesis,RadicalRex,experimental,rumble\openai_retro\genesis\experimental\radicalrex_genesis.json,3,5,0
genesis,Smurfs,experimental,rumble\openai_retro\genesis\experimental\smurfs_genesis.json,3,5,0
snes,Sparkster,experimental,rumble\openai_retro\snes\experimental\sparkster_snes.json,3,5,0
snes,StarFox,experimental,rumble\openai_retro\snes\experimental\starfox_snes.json,4,4,2
genesis,StreetSmart,experimental,rumble\openai_retro\genesis\experimental\streetsmart_genesis.json,3,5,0
genesis,ToeJamAndEarlInPanicOnFunkotron,experimental,rumble\openai_retro\genesis\experimental\toejamandearlinpaniconfunkotron_genesis.json,7,8,1
genesis,Verytex,experimental,rumble\openai_retro\genesis\experimental\verytex_genesis.json,2,3,0
genesis,3NinjasKickBack,stable,rumble\openai_retro\genesis\stable\3ninjaskickback_genesis.json,4,5,1
genesis,AaahhRealMonsters,stable,rumble\openai_retro\genesis\stable\aaahhrealmonsters_genesis.json,3,4,1
snes,AcceleBrid,stable,rumble\openai_retro\snes\stable\accelebrid_snes.json,2,3,0
snes,ActionPachio,stable,rumble\openai_retro\snes\stable\actionpachio_snes.json,3,5,0
snes,ActRaiser2,stable,rumble\openai_retro\snes\stable\actraiser2_snes.json,2,3,0
genesis,AddamsFamily,stable,rumble\openai_retro\genesis\stable\addamsfamily_genesis.json,4,5,1
snes,AddamsFamily,stable,rumble\openai_retro\snes\stable\addamsfamily_snes.json,3,5,0
snes,AddamsFamilyPugsleysScavengerHunt,stable,rumble\openai_retro\snes\stable\addamsfamilypugsleysscavengerhunt_snes.json,3,5,0
genesis,AdvancedBusterhawkGleylancer,stable,rumble\openai_retro\genesis\stable\advancedbusterhawkgleylancer_genesis.json,2,3,0
genesis,AdventuresOfBatmanAndRobin,stable,rumble\openai_retro\genesis\stable\adventuresofbatmanandrobin_genesis.json,3,5,0
snes,AdventuresOfDrFranken,stable,rumble\openai_retro\snes\stable\adventuresofdrfranken_snes.json,3,5,0
snes,AdventuresOfKidKleets,stable,rumble\openai_retro\snes\stable\adventuresofkidkleets_snes.json,3,5,0
genesis,AdventuresOfMightyMax,stable,rumble\openai_retro\genesis\stable\adventuresofmightymax_genesis.json,2,3,0
snes,AdventuresOfMightyMax,stable,rumble\openai_retro\snes\stable\adventuresofmightymax_snes.json,3,5,0
genesis,AdventuresOfRockyAndBullwinkleAndFriends,stable,rumble\openai_retro\genesis\stable\adventuresofrockyandbullwinkleandfriends_genesis.json,3,5,0
snes,AdventuresOfRockyAndBullwinkleAndFriends,stable,rumble\openai_retro\snes\stable\adventuresofrockyandbullwinkleandfriends_snes.json,3,5,0
snes,AdventuresOfYogiBear,stable,rumble\openai_retro\snes\stable\adventuresofyogibear_snes.json,10,12,0
snes,AeroFighters,stable,rumble\openai_retro\snes\stable\aerofighters_snes.json,2,3,0
snes,AeroTheAcroBat,stable,rumble\openai_retro\snes\stable\aerotheacrobat_snes.json,3,2,1
genesis,AeroTheAcroBat2,stable,rumble\openai_retro\genesis\stable\aerotheacrobat2_genesis.json,4,6,0
snes,AeroTheAcroBat2,stable,rumble\openai_retro\snes\stable\aerotheacrobat2_snes.json,3,5,0
genesis,AfterBurnerII,stable,rumble\openai_retro\genesis\stable\afterburnerii_genesis.json,2,3,0
genesis,AirBuster,stable,rumble\openai_retro\genesis\stable\airbuster_genesis.json,2,3,0
snes,AirCavalry,stable,rumble\openai_retro\snes\stable\aircavalry_snes.json,2,3,0
genesis,AirDiver,stable,rumble\openai_retro\genesis\stable\airdiver_genesis.json,4,3,2
genesis,Airstriker,stable,rumble\openai_retro\genesis\stable\airstriker_genesis.json,3,4,0
snes,AlfredChicken,stable,rumble\openai_retro\snes\stable\alfredchicken_snes.json,2,3,0
genesis,AlienSoldier,stable,rumble\openai_retro\genesis\stable\aliensoldier_genesis.json,3,3,1
snes,AlienVsPredator,stable,rumble\openai_retro\snes\stable\alienvspredator_snes.json,3,5,0
genesis,AlteredBeast,stable,rumble\openai_retro\genesis\stable\alteredbeast_genesis.json,3,5,0
genesis,AmericanGladiators,stable,rumble\openai_retro\genesis\stable\americangladiators_genesis.json,2,2,0
snes,ArcherMacleansSuperDropzone,stable,rumble\openai_retro\snes\stable\archermacleanssuperdropzone_snes.json,2,3,0
genesis,ArchRivalsTheArcadeGame,stable,rumble\openai_retro\genesis\stable\archrivalsthearcadegame_genesis.json,5,1,4
snes,ArdyLightfoot,stable,rumble\openai_retro\snes\stable\ardylightfoot_snes.json,2,3,0
genesis,ArielTheLittleMermaid,stable,rumble\openai_retro\genesis\stable\arielthelittlemermaid_genesis.json,5,4,3
genesis,ArrowFlash,stable,rumble\openai_retro\genesis\stable\arrowflash_genesis.json,2,3,0
genesis,ArtOfFighting,stable,rumble\openai_retro\genesis\stable\artoffighting_genesis.json,3,1,2
snes,ArtOfFighting,stable,rumble\openai_retro\snes\stable\artoffighting_snes.json,5,4,2
snes,Asterix,stable,rumble\openai_retro\snes\stable\asterix_snes.json,3,5,0
genesis,AsterixAndTheGreatRescue,stable,rumble\openai_retro\genesis\stable\asterixandthegreatrescue_genesis.json,4,5,1
genesis,AsterixAndThePowerOfTheGods,stable,rumble\openai_retro\genesis\stable\asterixandthepowerofthegods_genesis.json,3,5,0
genesis,AtomicRoboKid,stable,rumble\openai_retro\genesis\stable\atomicrobokid_genesis.json,2,3,0
genesis,AtomicRunner,stable,rumble\openai_retro\genesis\stable\atomicrunner_genesis.json,3,4,0
genesis,AwesomePossumKicksDrMachinosButt,stable,rumble\openai_retro\genesis\stable\awesomepossumkicksdrmachinosbutt_genesis.json,3,4,0
snes,Axelay,stable,rumble\openai_retro\snes\stable\axelay_snes.json,2,3,0
genesis,AyrtonSennasSuperMonacoGPII,stable,rumble\openai_retro\genesis\stable\ayrtonsennassupermonacogpii_genesis.json,2,0,2
genesis,BackToTheFuturePartIII,stable,rumble\openai_retro\genesis\stable\backtothefuturepartiii_genesis.json,2,3,0
genesis,BarkleyShutUpAndJam,stable,rumble\openai_retro\genesis\stable\barkleyshutupandjam_genesis.json,4,1,3
genesis,BarkleyShutUpAndJam2,stable,rumble\openai_retro\genesis\stable\barkleyshutupandjam2_genesis.json,2,1,1
genesis,BarneysHideAndSeekGame,stable,rumble\openai_retro\genesis\stable\barneyshideandseekgame_genesis.json,4,1,3
genesis,Batman,stable,rumble\openai_retro\genesis\stable\batman_genesis.json,3,5,0
genesis,BatmanReturns,stable,rumble\openai_retro\genesis\stable\batmanreturns_genesis.json,3,5,0
snes,BatmanReturns,stable,rumble\openai_retro\snes\stable\batmanreturns_snes.json,3,5,0
snes,BattleMasterKyuukyokuNoSenshiTachi,stable,rumble\openai_retro\snes\stable\battlemasterkyuukyokunosenshitachi_snes.json,5,3,3
genesis,BattleSquadron,stable,rumble\openai_retro\genesis\stable\battlesquadron_genesis.json,2,3,0
genesis,BattleTechAGameOfArmoredCombat,stable,rumble\openai_retro\genesis\stable\battletechagameofarmoredcombat_genesis.json,4,2,3
genesis,Battletoads,stable,rumble\openai_retro\genesis\stable\battletoads_genesis.json,3,5,0
genesis,BattletoadsDoubleDragon,stable,rumble\openai_retro\genesis\stable\battletoadsdoubledragon_genesis.json,3,5,0
snes,BattletoadsDoubleDragon,stable,rumble\openai_retro\snes\stable\battletoadsdoubledragon_snes.json,5,7,0
snes,BattletoadsInBattlemaniacs,stable,rumble\openai_retro\snes\stable\battletoadsinbattlemaniacs_snes.json,4,6,0
snes,BattleZequeDen,stable,rumble\openai_retro\snes\stable\battlezequeden_snes.json,2,3,0
genesis,BeautyAndTheBeastBellesQuest,stable,rumble\openai_retro\genesis\stable\beautyandthebeastbellesquest_genesis.json,3,5,0
genesis,BeautyAndTheBeastRoarOfTheBeast,stable,rumble\openai_retro\genesis\stable\beautyandthebeastroarofthebeast_genesis.json,3,5,0
snes,BebesKids,stable,rumble\openai_retro\snes\stable\bebeskids_snes.json,4,5,1
genesis,BiminiRun,stable,rumble\openai_retro\genesis\stable\biminirun_genesis.json,4,4,1
genesis,BioHazardBattle,stable,rumble\openai_retro\genesis\stable\biohazardbattle_genesis.json,2,3,0
snes,BioMetal,stable,rumble\openai_retro\snes\stable\biometal_snes.json,2,3,0
genesis,BishoujoSenshiSailorMoon,stable,rumble\openai_retro\genesis\stable\bishoujosenshisailormoon_genesis.json,3,5,0
snes,BishoujoSenshiSailorMoonR,stable,rumble\openai_retro\snes\stable\bishoujosenshisailormoonr_snes.json,5,5,2
genesis,BladesOfVengeance,stable,rumble\openai_retro\genesis\stable\bladesofvengeance_genesis.json,2,3,0
snes,BlaZeonTheBioCyborgChallenge,stable,rumble\openai_retro\snes\stable\blazeonthebiocyborgchallenge_snes.json,2,3,0
snes,BlockKuzushi,stable,rumble\openai_retro\snes\stable\blockkuzushi_snes.json,2,3,0
genesis,Blockout,stable,rumble\openai_retro\genesis\stable\blockout_genesis.json,2,1,1
genesis,BOB,stable,rumble\openai_retro\genesis\stable\bob_genesis.json,2,3,0
snes,BOB,stable,rumble\openai_retro\snes\stable\bob_snes.json,11,12,0
genesis,BodyCount,stable,rumble\openai_retro\genesis\stable\bodycount_genesis.json,2,3,0
genesis,BoogermanAPickAndFlickAdventure,stable,rumble\openai_retro\genesis\stable\boogermanapickandflickadventure_genesis.json,3,5,0
snes,BoogermanAPickAndFlickAdventure,stable,rumble\openai_retro\snes\stable\boogermanapickandflickadventure_snes.json,3,5,0
genesis,BoogieWoogieBowling,stable,rumble\openai_retro\genesis\stable\boogiewoogiebowling_genesis.json,21,0,21
genesis,BoxingLegendsOfTheRing,stable,rumble\openai_retro\genesis\stable\boxinglegendsofthering_genesis.json,2,2,0
genesis,BramStokersDracula,stable,rumble\openai_retro\genesis\stable\bramstokersdracula_genesis.json,3,5,0
snes,BramStokersDracula,stable,rumble\openai_retro\snes\stable\bramstokersdracula_snes.json,3,5,0
snes,BrawlBrothers,stable,rumble\openai_retro\snes\stable\brawlbrothers_snes.json,3,5,0
snes,BronkieTheBronchiasaurus,stable,rumble\openai_retro\snes\stable\bronkiethebronchiasaurus_snes.json,3,5,0
genesis,BubbaNStix,stable,rumble\openai_retro\genesis\stable\bubbanstix_genesis.json,3,5,0
genesis,BubbleAndSqueak,stable,rumble\openai_retro\genesis\stable\bubbleandsqueak_genesis.json,4,5,1
genesis,BubsyII,stable,rumble\openai_retro\genesis\stable\bubsyii_genesis.json,3,5,0
snes,BubsyII,stable,rumble\openai_retro\snes\stable\bubsyii_snes.json,2,3,0
genesis,BubsyInClawsEncountersOfTheFurredKind,stable,rumble\openai_retro\genesis\stable\bubsyinclawsencountersofthefurredkind_genesis.json,2,3,0
snes,BubsyInClawsEncountersOfTheFurredKind,stable,rumble\openai_retro\snes\stable\bubsyinclawsencountersofthefurredkind_snes.json,2,3,0
genesis,BullsVersusBlazersAndTheNBAPlayoffs,stable,rumble\openai_retro\genesis\stable\bullsversusblazersandthenbaplayoffs_genesis.json,6,0,6
genesis,BullsVsLakersAndTheNBAPlayoffs,stable,rumble\openai_retro\genesis\stable\bullsvslakersandthenbaplayoffs_genesis.json,5,0,5
genesis,BurningForce,stable,rumble\openai_retro\genesis\stable\burningforce_genesis.json,2,3,0
snes,CacomaKnightInBizyland,stable,rumble\openai_retro\snes\stable\cacomaknightinbizyland_snes.json,3,3,1
genesis,Cadash,stable,rumble\openai_retro\genesis\stable\cadash_genesis.json,4,1,3
genesis,Caliber50,stable,rumble\openai_retro\genesis\stable\caliber50_genesis.json,4,5,1
genesis,CaliforniaGames,stable,rumble\openai_retro\genesis\stable\californiagames_genesis.json,2,1,1
genesis,CalRipkenJrBaseball,stable,rumble\openai_retro\genesis\stable\calripkenjrbaseball_genesis.json,24,0,24
snes,Cameltry,stable,rumble\openai_retro\snes\stable\cameltry_snes.json,3,2,1
genesis,CannonFodder,stable,rumble\openai_retro\genesis\stable\cannonfodder_genesis.json,3,0,3
snes,CannonFodder,stable,rumble\openai_retro\snes\stable\cannonfodder_snes.json,3,0,3
genesis,CaptainAmericaAndTheAvengers,stable,rumble\openai_retro\genesis\stable\captainamericaandtheavengers_genesis.json,3,5,0
snes,CaptainAmericaAndTheAvengers,stable,rumble\openai_retro\snes\stable\captainamericaandtheavengers_snes.json,3,5,0
snes,CaptainCommando,stable,rumble\openai_retro\snes\stable\captaincommando_snes.json,3,5,0
genesis,CaptainPlanetAndThePlaneteers,stable,rumble\openai_retro\genesis\stable\captainplanetandtheplaneteers_genesis.json,2,3,0
genesis,CastleOfIllusion,stable,rumble\openai_retro\genesis\stable\castleofillusion_genesis.json,4,6,0
genesis,CastlevaniaBloodlines,stable,rumble\openai_retro\genesis\stable\castlevaniabloodlines_genesis.json,7,5,4
snes,CastlevaniaDraculaX,stable,rumble\openai_retro\snes\stable\castlevaniadraculax_snes.json,4,5,1
genesis,CastlevaniaTheNewGeneration,stable,rumble\openai_retro\genesis\stable\castlevaniathenewgeneration_genesis.json,3,5,0
genesis,ChampionshipProAm,stable,rumble\openai_retro\genesis\stable\championshipproam_genesis.json,7,5,2
genesis,ChampionsWorldClassSoccer,stable,rumble\openai_retro\genesis\stable\championsworldclasssoccer_genesis.json,3,0,3
genesis,ChaosEngine,stable,rumble\openai_retro\genesis\stable\chaosengine_genesis.json,2,3,0
genesis,ChaseHQII,stable,rumble\openai_retro\genesis\stable\chasehqii_genesis.json,2,1,1
genesis,CheeseCatAstropheStarringSpeedyGonzales,stable,rumble\openai_retro\genesis\stable\cheesecatastrophestarringspeedygonzales_genesis.json,3,5,0
genesis,ChesterCheetahTooCoolToFool,stable,rumble\openai_retro\genesis\stable\chestercheetahtoocooltofool_genesis.json,2,3,0
snes,ChesterCheetahTooCoolToFool,stable,rumble\openai_retro\snes\stable\chestercheetahtoocooltofool_snes.json,2,3,0
genesis,ChesterCheetahWildWildQuest,stable,rumble\openai_retro\genesis\stable\chestercheetahwildwildquest_genesis.json,4,3,2
snes,ChesterCheetahWildWildQuest,stable,rumble\openai_retro\snes\stable\chestercheetahwildwildquest_snes.json,7,8,0
genesis,ChiChisProChallengeGolf,stable,rumble\openai_retro\genesis\stable\chichisprochallengegolf_genesis.json,3,0,3
genesis,ChikiChikiBoys,stable,rumble\openai_retro\genesis\stable\chikichikiboys_genesis.json,2,3,0
snes,ChoplifterIIIRescueSurvive,stable,rumble\openai_retro\snes\stable\choplifteriiirescuesurvive_snes.json,2,3,0
snes,ChoujikuuYousaiMacrossScrambledValkyrie,stable,rumble\openai_retro\snes\stable\choujikuuyousaimacrossscrambledvalkyrie_snes.json,2,3,0
genesis,ChuckRock,stable,rumble\openai_retro\genesis\stable\chuckrock_genesis.json,3,5,0
snes,ChuckRock,stable,rumble\openai_retro\snes\stable\chuckrock_snes.json,3,5,0
genesis,ChuckRockIISonOfChuck,stable,rumble\openai_retro\genesis\stable\chuckrockiisonofchuck_genesis.json,3,5,0
genesis,ClayFighter,stable,rumble\openai_retro\genesis\stable\clayfighter_genesis.json,3,3,1
snes,Claymates,stable,rumble\openai_retro\snes\stable\claymates_snes.json,3,3,1
genesis,Cliffhanger,stable,rumble\openai_retro\genesis\stable\cliffhanger_genesis.json,3,5,0
snes,Cliffhanger,stable,rumble\openai_retro\snes\stable\cliffhanger_snes.json,3,5,0
genesis,CollegeSlam,stable,rumble\openai_retro\genesis\stable\collegeslam_genesis.json,7,0,7
genesis,Columns,stable,rumble\openai_retro\genesis\stable\columns_genesis.json,2,2,0
genesis,ColumnsIII,stable,rumble\openai_retro\genesis\stable\columnsiii_genesis.json,3,0,3
genesis,CombatCars,stable,rumble\openai_retro\genesis\stable\combatcars_genesis.json,5,1,4
genesis,ComixZone,stable,rumble\openai_retro\genesis\stable\comixzone_genesis.json,5,2,4
snes,CongosCaper,stable,rumble\openai_retro\snes\stable\congoscaper_snes.json,4,4,1
genesis,CoolSpot,stable,rumble\openai_retro\genesis\stable\coolspot_genesis.json,4,6,0
snes,CoolSpot,stable,rumble\openai_retro\snes\stable\coolspot_snes.json,8,10,0
snes,CosmoGangTheVideo,stable,rumble\openai_retro\snes\stable\cosmogangthevideo_snes.json,2,3,0
genesis,CrackDown,stable,rumble\openai_retro\genesis\stable\crackdown_genesis.json,2,3,0
genesis,CrueBallHeavyMetalPinball,stable,rumble\openai_retro\genesis\stable\crueballheavymetalpinball_genesis.json,2,1,1
genesis,Curse,stable,rumble\openai_retro\genesis\stable\curse_genesis.json,2,3,0
genesis,CutieSuzukiNoRingsideAngel,stable,rumble\openai_retro\genesis\stable\cutiesuzukinoringsideangel_genesis.json,2,0,2
genesis,CutthroatIsland,stable,rumble\openai_retro\genesis\stable\cutthroatisland_genesis.json,6,7,0
genesis,Cyberball,stable,rumble\openai_retro\genesis\stable\cyberball_genesis.json,4,1,3
snes,Cybernator,stable,rumble\openai_retro\snes\stable\cybernator_snes.json,2,2,0
genesis,CyborgJustice,stable,rumble\openai_retro\genesis\stable\cyborgjustice_genesis.json,3,5,0
snes,DaffyDuckTheMarvinMissions,stable,rumble\openai_retro\snes\stable\daffyduckthemarvinmissions_snes.json,3,5,0
genesis,DaisenpuuTwinHawk,stable,rumble\openai_retro\genesis\stable\daisenpuutwinhawk_genesis.json,2,3,0
genesis,DangerousSeed,stable,rumble\openai_retro\genesis\stable\dangerousseed_genesis.json,3,5,0
snes,DariusForce,stable,rumble\openai_retro\snes\stable\dariusforce_snes.json,2,3,0
genesis,DariusII,stable,rumble\openai_retro\genesis\stable\dariusii_genesis.json,3,4,0
snes,DariusTwin,stable,rumble\openai_retro\snes\stable\dariustwin_snes.json,2,3,0
genesis,DarkCastle,stable,rumble\openai_retro\genesis\stable\darkcastle_genesis.json,3,5,0
genesis,Darwin4081,stable,rumble\openai_retro\genesis\stable\darwin4081_genesis.json,2,3,0
genesis,DashinDesperadoes,stable,rumble\openai_retro\genesis\stable\dashindesperadoes_genesis.json,4,1,3
genesis,DavidRobinsonsSupremeCourt,stable,rumble\openai_retro\genesis\stable\davidrobinsonssupremecourt_genesis.json,6,1,5
genesis,DazeBeforeChristmas,stable,rumble\openai_retro\genesis\stable\dazebeforechristmas_genesis.json,3,5,0
snes,DazeBeforeChristmas,stable,rumble\openai_retro\snes\stable\dazebeforechristmas_snes.json,3,5,0
genesis,DeadlyMoves,stable,rumble\openai_retro\genesis\stable\deadlymoves_genesis.json,3,3,1
genesis,DeathDuel,stable,rumble\openai_retro\genesis\stable\deathduel_genesis.json,2,3,0
snes,DennisTheMenace,stable,rumble\openai_retro\snes\stable\dennisthemenace_snes.json,2,3,0
genesis,DesertStrikeReturnToTheGulf,stable,rumble\openai_retro\genesis\stable\desertstrikereturntothegulf_genesis.json,3,3,1
genesis,DevilCrashMD,stable,rumble\openai_retro\genesis\stable\devilcrashmd_genesis.json,2,1,1
genesis,DevilishTheNextPossession,stable,rumble\openai_retro\genesis\stable\devilishthenextpossession_genesis.json,4,3,2
genesis,DickTracy,stable,rumble\openai_retro\genesis\stable\dicktracy_genesis.json,3,5,0
genesis,DickVitalesAwesomeBabyCollegeHoops,stable,rumble\openai_retro\genesis\stable\dickvitalesawesomebabycollegehoops_genesis.json,4,0,4
snes,DimensionForce,stable,rumble\openai_retro\snes\stable\dimensionforce_snes.json,2,3,0
snes,DinoCity,stable,rumble\openai_retro\snes\stable\dinocity_snes.json,3,5,0
genesis,DinoLand,stable,rumble\openai_retro\genesis\stable\dinoland_genesis.json,2,1,1
genesis,DJBoy,stable,rumble\openai_retro\genesis\stable\djboy_genesis.json,2,3,0
snes,DonkeyKongCountry,stable,rumble\openai_retro\snes\stable\donkeykongcountry_snes.json,2,3,0
snes,DonkeyKongCountry2,stable,rumble\openai_retro\snes\stable\donkeykongcountry2_snes.json,2,2,1
snes,DonkeyKongCountry3DixieKongsDoubleTrouble,stable,rumble\openai_retro\snes\stable\donkeykongcountry3dixiekongsdoubletrouble_snes.json,2,3,0
genesis,DoubleDragon,stable,rumble\openai_retro\genesis\stable\doubledragon_genesis.json,3,5,0
genesis,DoubleDragonIITheRevenge,stable,rumble\openai_retro\genesis\stable\doubledragoniitherevenge_genesis.json,4,5,1
genesis,DoubleDragonVTheShadowFalls,stable,rumble\openai_retro\genesis\stable\doubledragonvtheshadowfalls_genesis.json,2,1,1
genesis,DoubleDribbleThePlayoffEdition,stable,rumble\openai_retro\genesis\stable\doubledribbletheplayoffedition_genesis.json,4,0,4
snes,DragonsLair,stable,rumble\openai_retro\snes\stable\dragonslair_snes.json,3,5,0
genesis,DragonsRevenge,stable,rumble\openai_retro\genesis\stable\dragonsrevenge_genesis.json,9,8,1
genesis,DragonTheBruceLeeStory,stable,rumble\openai_retro\genesis\stable\dragonthebruceleestory_genesis.json,3,5,0
snes,DragonTheBruceLeeStory,stable,rumble\openai_retro\snes\stable\dragonthebruceleestory_snes.json,5,7,0
genesis,DreamTeamUSA,stable,rumble\openai_retro\genesis\stable\dreamteamusa_genesis.json,5,0,5
genesis,DrRobotniksMeanBeanMachine,stable,rumble\openai_retro\genesis\stable\drrobotniksmeanbeanmachine_genesis.json,2,2,0
genesis,DynamiteDuke,stable,rumble\openai_retro\genesis\stable\dynamiteduke_genesis.json,2,3,0
genesis,DynamiteHeaddy,stable,rumble\openai_retro\genesis\stable\dynamiteheaddy_genesis.json,4,5,1
genesis,EarnestEvans,stable,rumble\openai_retro\genesis\stable\earnestevans_genesis.json,2,3,0
snes,EarthDefenseForce,stable,rumble\openai_retro\snes\stable\earthdefenseforce_snes.json,2,3,0
genesis,ElementalMaster,stable,rumble\openai_retro\genesis\stable\elementalmaster_genesis.json,2,3,0
genesis,EliminateDown,stable,rumble\openai_retro\genesis\stable\eliminatedown_genesis.json,2,3,0
genesis,ElViento,stable,rumble\openai_retro\genesis\stable\elviento_genesis.json,2,3,0
genesis,ESPNBaseballTonight,stable,rumble\openai_retro\genesis\stable\espnbaseballtonight_genesis.json,10,4,6
genesis,EuropeanClubSoccer,stable,rumble\openai_retro\genesis\stable\europeanclubsoccer_genesis.json,4,1,3
genesis,ExMutants,stable,rumble\openai_retro\genesis\stable\exmutants_genesis.json,4,6,0
genesis,F1,stable,rumble\openai_retro\genesis\stable\f1_genesis.json,2,2,0
genesis,FaeryTaleAdventure,stable,rumble\openai_retro\genesis\stable\faerytaleadventure_genesis.json,5,0,5
snes,FamilyDog,stable,rumble\openai_retro\snes\stable\familydog_snes.json,3,5,0
genesis,Fantasia,stable,rumble\openai_retro\genesis\stable\fantasia_genesis.json,3,5,0
genesis,FantasticDizzy,stable,rumble\openai_retro\genesis\stable\fantasticdizzy_genesis.json,3,5,0
genesis,FatalFury,stable,rumble\openai_retro\genesis\stable\fatalfury_genesis.json,5,2,4
genesis,FatalFury2,stable,rumble\openai_retro\genesis\stable\fatalfury2_genesis.json,5,2,4
genesis,FatalLabyrinth,stable,rumble\openai_retro\genesis\stable\fatallabyrinth_genesis.json,2,2,1
genesis,FatalRewind,stable,rumble\openai_retro\genesis\stable\fatalrewind_genesis.json,3,5,0
genesis,FerrariGrandPrixChallenge,stable,rumble\openai_retro\genesis\stable\ferrarigrandprixchallenge_genesis.json,4,0,4
genesis,FightingMasters,stable,rumble\openai_retro\genesis\stable\fightingmasters_genesis.json,3,2,2
snes,FinalFight,stable,rumble\openai_retro\snes\stable\finalfight_snes.json,2,3,0
snes,FinalFight2,stable,rumble\openai_retro\snes\stable\finalfight2_snes.json,3,5,0
snes,FinalFight3,stable,rumble\openai_retro\snes\stable\finalfight3_snes.json,3,5,0
snes,FinalFightGuy,stable,rumble\openai_retro\snes\stable\finalfightguy_snes.json,3,5,0
snes,FirstSamurai,stable,rumble\openai_retro\snes\stable\firstsamurai_snes.json,5,6,1
genesis,Flicky,stable,rumble\openai_retro\genesis\stable\flicky_genesis.json,3,4,0
genesis,Flintstones,stable,rumble\openai_retro\genesis\stable\flintstones_genesis.json,2,3,0
snes,Flintstones,stable,rumble\openai_retro\snes\stable\flintstones_snes.json,2,3,0
snes,FlyingHeroBugyuruNoDaibouken,stable,rumble\openai_retro\snes\stable\flyingherobugyurunodaibouken_snes.json,2,3,0
genesis,ForemanForReal,stable,rumble\openai_retro\genesis\stable\foremanforreal_genesis.json,5,0,5
genesis,ForgottenWorlds,stable,rumble\openai_retro\genesis\stable\forgottenworlds_genesis.json,2,3,0
genesis,FrankThomasBigHurtBaseball,stable,rumble\openai_retro\genesis\stable\frankthomasbighurtbaseball_genesis.json,8,0,8
genesis,Frogger,stable,rumble\openai_retro\genesis\stable\frogger_genesis.json,2,3,0
genesis,FZSenkiAxisFinalZone,stable,rumble\openai_retro\genesis\stable\fzsenkiaxisfinalzone_genesis.json,2,3,0
genesis,GadgetTwins,stable,rumble\openai_retro\genesis\stable\gadgettwins_genesis.json,2,3,0
genesis,Gaiares,stable,rumble\openai_retro\genesis\stable\gaiares_genesis.json,2,3,0
genesis,GainGround,stable,rumble\openai_retro\genesis\stable\gainground_genesis.json,2,2,0
genesis,GalaxyForceII,stable,rumble\openai_retro\genesis\stable\galaxyforceii_genesis.json,2,1,1
genesis,Gauntlet,stable,rumble\openai_retro\genesis\stable\gauntlet_genesis.json,2,3,0
genesis,GeneralChaos,stable,rumble\openai_retro\genesis\stable\generalchaos_genesis.json,4,2,2
genesis,GhoulsnGhosts,stable,rumble\openai_retro\genesis\stable\ghoulsnghosts_genesis.json,2,3,0
genesis,GlobalGladiators,stable,rumble\openai_retro\genesis\stable\globalgladiators_genesis.json,2,2,0
genesis,Gods,stable,rumble\openai_retro\genesis\stable\gods_genesis.json,5,6,0
snes,Gods,stable,rumble\openai_retro\snes\stable\gods_snes.json,3,5,0
snes,GokujouParodius,stable,rumble\openai_retro\snes\stable\gokujouparodius_snes.json,2,3,0
genesis,GoldenAxe,stable,rumble\openai_retro\genesis\stable\goldenaxe_genesis.json,2,3,0
genesis,GoldenAxeIII,stable,rumble\openai_retro\genesis\stable\goldenaxeiii_genesis.json,3,4,1
snes,GradiusIII,stable,rumble\openai_retro\snes\stable\gradiusiii_snes.json,2,3,0
genesis,Granada,stable,rumble\openai_retro\genesis\stable\granada_genesis.json,3,3,1
genesis,GreatCircusMysteryStarringMickeyAndMinnie,stable,rumble\openai_retro\genesis\stable\greatcircusmysterystarringmickeyandminnie_genesis.json,3,5,0
snes,GreatCircusMysteryStarringMickeyAndMinnie,stable,rumble\openai_retro\snes\stable\greatcircusmysterystarringmickeyandminnie_snes.json,3,5,0
genesis,GreatWaldoSearch,stable,rumble\openai_retro\genesis\stable\greatwaldosearch_genesis.json,4,1,3
genesis,GreendogTheBeachedSurferDude,stable,rumble\openai_retro\genesis\stable\greendogthebeachedsurferdude_genesis.json,3,5,0
genesis,GrindStormer,stable,rumble\openai_retro\genesis\stable\grindstormer_genesis.json,2,3,0
genesis,Growl,stable,rumble\openai_retro\genesis\stable\growl_genesis.json,3,1,2
genesis,Gunship,stable,rumble\openai_retro\genesis\stable\gunship_genesis.json,2,3,0
genesis,Gynoug,stable,rumble\openai_retro\genesis\stable\gynoug_genesis.json,2,3,0
genesis,HardDrivin,stable,rumble\openai_retro\genesis\stable\harddrivin_genesis.json,2,1,1
snes,HarleysHumongousAdventure,stable,rumble\openai_retro\snes\stable\harleyshumongousadventure_snes.json,4,6,0
genesis,Havoc,stable,rumble\openai_retro\genesis\stable\havoc_genesis.json,5,3,3
genesis,HeavyNova,stable,rumble\openai_retro\genesis\stable\heavynova_genesis.json,5,3,3
genesis,HeavyUnitMegaDriveSpecial,stable,rumble\openai_retro\genesis\stable\heavyunitmegadrivespecial_genesis.json,2,3,0
genesis,Hellfire,stable,rumble\openai_retro\genesis\stable\hellfire_genesis.json,2,3,0
genesis,HomeAlone,stable,rumble\openai_retro\genesis\stable\homealone_genesis.json,3,1,2
genesis,HomeAlone2LostInNewYork,stable,rumble\openai_retro\genesis\stable\homealone2lostinnewyork_genesis.json,3,5,0
genesis,Hook,stable,rumble\openai_retro\genesis\stable\hook_genesis.json,3,5,0
snes,Hook,stable,rumble\openai_retro\snes\stable\hook_snes.json,3,5,0
snes,HuntForRedOctober,stable,rumble\openai_retro\snes\stable\huntforredoctober_snes.json,3,3,1
genesis,Hurricanes,stable,rumble\openai_retro\genesis\stable\hurricanes_genesis.json,4,6,0
snes,Hurricanes,stable,rumble\openai_retro\snes\stable\hurricanes_snes.json,3,5,0
genesis,IMGInternationalTourTennis,stable,rumble\openai_retro\genesis\stable\imginternationaltourtennis_genesis.json,4,1,3
snes,Imperium,stable,rumble\openai_retro\snes\stable\imperium_snes.json,2,3,0
snes,Incantation,stable,rumble\openai_retro\snes\stable\incantation_snes.json,4,6,0
genesis,IncredibleCrashDummies,stable,rumble\openai_retro\genesis\stable\incrediblecrashdummies_genesis.json,4,6,0
genesis,IncredibleHulk,stable,rumble\openai_retro\genesis\stable\incrediblehulk_genesis.json,3,5,0
snes,IncredibleHulk,stable,rumble\openai_retro\snes\stable\incrediblehulk_snes.json,3,5,0
genesis,IndianaJonesAndTheLastCrusade,stable,rumble\openai_retro\genesis\stable\indianajonesandthelastcrusade_genesis.json,4,4,1
genesis,InsectorX,stable,rumble\openai_retro\genesis\stable\insectorx_genesis.json,2,3,0
snes,InspectorGadget,stable,rumble\openai_retro\snes\stable\inspectorgadget_snes.json,3,4,0
genesis,IshidoTheWayOfStones,stable,rumble\openai_retro\genesis\stable\ishidothewayofstones_genesis.json,3,1,2
snes,ItchyAndScratchyGame,stable,rumble\openai_retro\snes\stable\itchyandscratchygame_snes.json,5,7,0
genesis,IzzysQuestForTheOlympicRings,stable,rumble\openai_retro\genesis\stable\izzysquestfortheolympicrings_genesis.json,3,5,0
snes,IzzysQuestForTheOlympicRings,stable,rumble\openai_retro\snes\stable\izzysquestfortheolympicrings_snes.json,3,5,0
genesis,JamesBond007TheDuel,stable,rumble\openai_retro\genesis\stable\jamesbond007theduel_genesis.json,4,5,1
genesis,JamesPond3,stable,rumble\openai_retro\genesis\stable\jamespond3_genesis.json,3,5,0
genesis,JamesPondIICodenameRobocod,stable,rumble\openai_retro\genesis\stable\jamespondiicodenamerobocod_genesis.json,4,6,0
genesis,JamesPondUnderwaterAgent,stable,rumble\openai_retro\genesis\stable\jamespondunderwateragent_genesis.json,2,3,0
snes,JellyBoy,stable,rumble\openai_retro\snes\stable\jellyboy_snes.json,3,5,0
snes,JetsonsInvasionOfThePlanetPirates,stable,rumble\openai_retro\snes\stable\jetsonsinvasionoftheplanetpirates_snes.json,3,5,0
genesis,JewelMaster,stable,rumble\openai_retro\genesis\stable\jewelmaster_genesis.json,2,3,0
genesis,JoeAndMac,stable,rumble\openai_retro\genesis\stable\joeandmac_genesis.json,3,5,0
snes,JoeAndMac,stable,rumble\openai_retro\snes\stable\joeandmac_snes.json,3,5,0
snes,JoeAndMac2LostInTheTropics,stable,rumble\openai_retro\snes\stable\joeandmac2lostinthetropics_snes.json,3,5,0
genesis,JudgeDredd,stable,rumble\openai_retro\genesis\stable\judgedredd_genesis.json,3,5,0
snes,JudgeDredd,stable,rumble\openai_retro\snes\stable\judgedredd_snes.json,3,5,0
genesis,JuJuDensetsuTokiGoingApeSpit,stable,rumble\openai_retro\genesis\stable\jujudensetsutokigoingapespit_genesis.json,2,3,0
genesis,JungleBook,stable,rumble\openai_retro\genesis\stable\junglebook_genesis.json,4,6,0
snes,JungleBook,stable,rumble\openai_retro\snes\stable\junglebook_snes.json,4,6,0
genesis,JusticeLeagueTaskForce,stable,rumble\openai_retro\genesis\stable\justiceleaguetaskforce_genesis.json,5,3,3
genesis,KaGeKiFistsOfSteel,stable,rumble\openai_retro\genesis\stable\kagekifistsofsteel_genesis.json,2,3,0
snes,KaiteTsukutteAsoberuDezaemon,stable,rumble\openai_retro\snes\stable\kaitetsukutteasoberudezaemon_snes.json,2,3,0
genesis,KidChameleon,stable,rumble\openai_retro\genesis\stable\kidchameleon_genesis.json,2,3,0
snes,KidKlownInCrazyChase,stable,rumble\openai_retro\snes\stable\kidklownincrazychase_snes.json,3,3,1
snes,KingOfDragons,stable,rumble\openai_retro\snes\stable\kingofdragons_snes.json,4,5,1
genesis,KingOfTheMonsters2,stable,rumble\openai_retro\genesis\stable\kingofthemonsters2_genesis.json,6,3,4
snes,KingOfTheMonsters2,stable,rumble\openai_retro\snes\stable\kingofthemonsters2_snes.json,3,5,0
snes,KnightsOfTheRound,stable,rumble\openai_retro\snes\stable\knightsoftheround_snes.json,4,5,1
genesis,LastActionHero,stable,rumble\openai_retro\genesis\stable\lastactionhero_genesis.json,3,5,0
snes,LastActionHero,stable,rumble\openai_retro\snes\stable\lastactionhero_snes.json,3,5,0
genesis,LastBattle,stable,rumble\openai_retro\genesis\stable\lastbattle_genesis.json,2,3,0
genesis,LawnmowerMan,stable,rumble\openai_retro\genesis\stable\lawnmowerman_genesis.json,3,3,1
snes,Legend,stable,rumble\openai_retro\snes\stable\legend_snes.json,2,3,0
genesis,LegendOfGalahad,stable,rumble\openai_retro\genesis\stable\legendofgalahad_genesis.json,3,5,0
genesis,LethalEnforcers,stable,rumble\openai_retro\genesis\stable\lethalenforcers_genesis.json,2,1,1
genesis,LethalEnforcersIIGunFighters,stable,rumble\openai_retro\genesis\stable\lethalenforcersiigunfighters_genesis.json,2,1,1
snes,LethalWeapon,stable,rumble\openai_retro\snes\stable\lethalweapon_snes.json,4,5,0
snes,MagicalQuestStarringMickeyMouse,stable,rumble\openai_retro\snes\stable\magicalqueststarringmickeymouse_snes.json,3,5,0
genesis,MagicalTaruruutoKun,stable,rumble\openai_retro\genesis\stable\magicaltaruruutokun_genesis.json,4,6,0
snes,MagicBoy,stable,rumble\openai_retro\snes\stable\magicboy_snes.json,7,8,0
snes,MagicSword,stable,rumble\openai_retro\snes\stable\magicsword_snes.json,3,5,0
genesis,MaouRenjishi,stable,rumble\openai_retro\genesis\stable\maourenjishi_genesis.json,3,5,0
genesis,MarbleMadness,stable,rumble\openai_retro\genesis\stable\marblemadness_genesis.json,2,1,1
genesis,Marko,stable,rumble\openai_retro\genesis\stable\marko_genesis.json,9,11,0
genesis,Marsupilami,stable,rumble\openai_retro\genesis\stable\marsupilami_genesis.json,2,3,0
genesis,MarvelLand,stable,rumble\openai_retro\genesis\stable\marvelland_genesis.json,3,3,1
snes,Mask,stable,rumble\openai_retro\snes\stable\mask_snes.json,3,5,0
genesis,McDonaldsTreasureLandAdventure,stable,rumble\openai_retro\genesis\stable\mcdonaldstreasurelandadventure_genesis.json,3,5,0
genesis,MegaManTheWilyWars,stable,rumble\openai_retro\genesis\stable\megamanthewilywars_genesis.json,3,5,0
genesis,MegaSWIV,stable,rumble\openai_retro\genesis\stable\megaswiv_genesis.json,2,3,0
genesis,MegaTurrican,stable,rumble\openai_retro\genesis\stable\megaturrican_genesis.json,4,5,1
genesis,MichaelJacksonsMoonwalker,stable,rumble\openai_retro\genesis\stable\michaeljacksonsmoonwalker_genesis.json,3,5,0
genesis,MidnightResistance,stable,rumble\openai_retro\genesis\stable\midnightresistance_genesis.json,2,3,0
genesis,MightyMorphinPowerRangers,stable,rumble\openai_retro\genesis\stable\mightymorphinpowerrangers_genesis.json,3,2,2
genesis,MightyMorphinPowerRangersTheMovie,stable,rumble\openai_retro\genesis\stable\mightymorphinpowerrangersthemovie_genesis.json,3,3,1
snes,MightyMorphinPowerRangersTheMovie,stable,rumble\openai_retro\snes\stable\mightymorphinpowerrangersthemovie_snes.json,3,5,0
genesis,MonsterLair,stable,rumble\openai_retro\genesis\stable\monsterlair_genesis.json,3,5,0
genesis,MortalKombat,stable,rumble\openai_retro\genesis\stable\mortalkombat_genesis.json,2,1,1
genesis,MortalKombat3,stable,rumble\openai_retro\genesis\stable\mortalkombat3_genesis.json,5,3,3
genesis,MortalKombatII,stable,rumble\openai_retro\genesis\stable\mortalkombatii_genesis.json,5,3,3
genesis,MrNutz,stable,rumble\openai_retro\genesis\stable\mrnutz_genesis.json,2,3,0
snes,MrNutz,stable,rumble\openai_retro\snes\stable\mrnutz_snes.json,3,4,0
genesis,MsPacMan,stable,rumble\openai_retro\genesis\stable\mspacman_genesis.json,2,3,0
genesis,MUSHA,stable,rumble\openai_retro\genesis\stable\musha_genesis.json,2,3,0
genesis,NewZealandStory,stable,rumble\openai_retro\genesis\stable\newzealandstory_genesis.json,2,3,0
genesis,NormysBeachBabeORama,stable,rumble\openai_retro\genesis\stable\normysbeachbabeorama_genesis.json,3,5,0
genesis,Ottifants,stable,rumble\openai_retro\genesis\stable\ottifants_genesis.json,3,5,0
snes,OutToLunch,stable,rumble\openai_retro\snes\stable\outtolunch_snes.json,2,3,0
snes,PacInTime,stable,rumble\openai_retro\snes\stable\pacintime_snes.json,3,5,0
genesis,PacMania,stable,rumble\openai_retro\genesis\stable\pacmania_genesis.json,2,3,0
genesis,Paperboy,stable,rumble\openai_retro\genesis\stable\paperboy_genesis.json,2,3,0
genesis,Paperboy2,stable,rumble\openai_retro\genesis\stable\paperboy2_genesis.json,8,9,0
snes,Parodius,stable,rumble\openai_retro\snes\stable\parodius_snes.json,2,3,0
snes,PeaceKeepers,stable,rumble\openai_retro\snes\stable\peacekeepers_snes.json,2,3,0
snes,Phalanx,stable,rumble\openai_retro\snes\stable\phalanx_snes.json,2,3,0
genesis,Phelios,stable,rumble\openai_retro\genesis\stable\phelios_genesis.json,3,5,0
genesis,PinkGoesToHollywood,stable,rumble\openai_retro\genesis\stable\pinkgoestohollywood_genesis.json,3,5,0
snes,PiratesOfDarkWater,stable,rumble\openai_retro\snes\stable\piratesofdarkwater_snes.json,3,5,0
genesis,PitfallTheMayanAdventure,stable,rumble\openai_retro\genesis\stable\pitfallthemayanadventure_genesis.json,3,5,0
snes,PitfallTheMayanAdventure,stable,rumble\openai_retro\snes\stable\pitfallthemayanadventure_snes.json,4,6,0
genesis,PitFighter,stable,rumble\openai_retro\genesis\stable\pitfighter_genesis.json,4,6,0
snes,Plok,stable,rumble\openai_retro\snes\stable\plok_snes.json,3,5,0
snes,PopnTwinBee,stable,rumble\openai_retro\snes\stable\popntwinbee_snes.json,2,3,0
snes,PopnTwinBeeRainbowBellAdventures,stable,rumble\openai_retro\snes\stable\popntwinbeerainbowbelladventures_snes.json,2,3,0
snes,PorkyPigsHauntedHoliday,stable,rumble\openai_retro\snes\stable\porkypigshauntedholiday_snes.json,4,6,0
genesis,PowerAthlete,stable,rumble\openai_retro\genesis\stable\powerathlete_genesis.json,2,1,1
snes,PowerPiggsOfTheDarkAge,stable,rumble\openai_retro\snes\stable\powerpiggsofthedarkage_snes.json,2,3,0
genesis,Predator2,stable,rumble\openai_retro\genesis\stable\predator2_genesis.json,3,5,0
snes,PrehistorikMan,stable,rumble\openai_retro\snes\stable\prehistorikman_snes.json,4,5,1
genesis,Pulseman,stable,rumble\openai_retro\genesis\stable\pulseman_genesis.json,3,5,0
genesis,Punisher,stable,rumble\openai_retro\genesis\stable\punisher_genesis.json,4,5,1
snes,PuttySquad,stable,rumble\openai_retro\snes\stable\puttysquad_snes.json,4,6,0
genesis,QuackShot,stable,rumble\openai_retro\genesis\stable\quackshot_genesis.json,3,5,0
genesis,RadicalRex,stable,rumble\openai_retro\genesis\stable\radicalrex_genesis.json,2,3,0
snes,RadicalRex,stable,rumble\openai_retro\snes\stable\radicalrex_snes.json,2,3,0
snes,RaidenDensetsu,stable,rumble\openai_retro\snes\stable\raidendensetsu_snes.json,2,3,0
genesis,RaidenDensetsuRaidenTrad,stable,rumble\openai_retro\genesis\stable\raidendensetsuraidentrad_genesis.json,2,3,0
genesis,RamboIII,stable,rumble\openai_retro\genesis\stable\ramboiii_genesis.json,2,3,0
genesis,RangerX,stable,rumble\openai_retro\genesis\stable\rangerx_genesis.json,2,3,0
genesis,RastanSagaII,stable,rumble\openai_retro\genesis\stable\rastansagaii_genesis.json,4,5,1
snes,Realm,stable,rumble\openai_retro\snes\stable\realm_snes.json,3,5,0
genesis,RenAndStimpyShowPresentsStimpysInvention,stable,rumble\openai_retro\genesis\stable\renandstimpyshowpresentsstimpysinvention_genesis.json,3,5,0
snes,RenAndStimpyShowVeediots,stable,rumble\openai_retro\snes\stable\renandstimpyshowveediots_snes.json,3,5,0
snes,RenderingRangerR2,stable,rumble\openai_retro\snes\stable\renderingrangerr2_snes.json,6,7,0
genesis,RevengeOfShinobi,stable,rumble\openai_retro\genesis\stable\revengeofshinobi_genesis.json,2,3,0
genesis,RiseOfTheRobots,stable,rumble\openai_retro\genesis\stable\riseoftherobots_genesis.json,5,4,2
genesis,RiskyWoods,stable,rumble\openai_retro\genesis\stable\riskywoods_genesis.json,2,3,0
genesis,Ristar,stable,rumble\openai_retro\genesis\stable\ristar_genesis.json,2,3,0
snes,RivalTurf,stable,rumble\openai_retro\snes\stable\rivalturf_snes.json,3,5,0
snes,RoadRunnersDeathValleyRally,stable,rumble\openai_retro\snes\stable\roadrunnersdeathvalleyrally_snes.json,3,5,0
genesis,RoboCop3,stable,rumble\openai_retro\genesis\stable\robocop3_genesis.json,4,6,0
snes,RoboCop3,stable,rumble\openai_retro\snes\stable\robocop3_snes.json,3,5,0
snes,RoboCopVersusTheTerminator,stable,rumble\openai_retro\snes\stable\robocopversustheterminator_snes.json,3,5,0
genesis,RocketKnightAdventures,stable,rumble\openai_retro\genesis\stable\rocketknightadventures_genesis.json,3,5,0
genesis,RollingThunder2,stable,rumble\openai_retro\genesis\stable\rollingthunder2_genesis.json,2,3,0
snes,RTypeIII,stable,rumble\openai_retro\snes\stable\rtypeiii_snes.json,2,3,0
snes,RunSaber,stable,rumble\openai_retro\snes\stable\runsaber_snes.json,3,5,0
genesis,Sagaia,stable,rumble\openai_retro\genesis\stable\sagaia_genesis.json,2,3,0
genesis,SaintSword,stable,rumble\openai_retro\genesis\stable\saintsword_genesis.json,3,5,0
genesis,SameSameSame,stable,rumble\openai_retro\genesis\stable\samesamesame_genesis.json,2,3,0
genesis,SamuraiShodown,stable,rumble\openai_retro\genesis\stable\samuraishodown_genesis.json,4,4,1
genesis,SecondSamurai,stable,rumble\openai_retro\genesis\stable\secondsamurai_genesis.json,3,3,1
genesis,SenjouNoOokamiIIMercs,stable,rumble\openai_retro\genesis\stable\senjounoookamiiimercs_genesis.json,2,3,0
genesis,ShadowDancerTheSecretOfShinobi,stable,rumble\openai_retro\genesis\stable\shadowdancerthesecretofshinobi_genesis.json,2,3,0
genesis,ShadowOfTheBeast,stable,rumble\openai_retro\genesis\stable\shadowofthebeast_genesis.json,3,3,1
genesis,ShaqFu,stable,rumble\openai_retro\genesis\stable\shaqfu_genesis.json,5,4,2
genesis,ShinobiIIIReturnOfTheNinjaMaster,stable,rumble\openai_retro\genesis\stable\shinobiiiireturnoftheninjamaster_genesis.json,3,5,0
genesis,SimpsonsBartVsTheSpaceMutants,stable,rumble\openai_retro\genesis\stable\simpsonsbartvsthespacemutants_genesis.json,3,5,0
genesis,SkeletonKrew,stable,rumble\openai_retro\genesis\stable\skeletonkrew_genesis.json,2,3,0
snes,SkuljaggerRevoltOfTheWesticans,stable,rumble\openai_retro\snes\stable\skuljaggerrevoltofthewesticans_snes.json,3,4,0
snes,SmartBall,stable,rumble\openai_retro\snes\stable\smartball_snes.json,3,5,0
genesis,Smurfs,stable,rumble\openai_retro\genesis\stable\smurfs_genesis.json,2,3,0
snes,Smurfs,stable,rumble\openai_retro\snes\stable\smurfs_snes.json,4,5,1
genesis,Socket,stable,rumble\openai_retro\genesis\stable\socket_genesis.json,3,5,0
genesis,SolDeace,stable,rumble\openai_retro\genesis\stable\soldeace_genesis.json,2,3,0
genesis,SoldiersOfFortune,stable,rumble\openai_retro\genesis\stable\soldiersoffortune_genesis.json,2,3,0
genesis,SonicAndKnuckles,stable,rumble\openai_retro\genesis\stable\sonicandknuckles_genesis.json,5,4,2
genesis,SonicAndKnuckles3,stable,rumble\openai_retro\genesis\stable\sonicandknuckles3_genesis.json,12,7,6
snes,SonicBlastMan,stable,rumble\openai_retro\snes\stable\sonicblastman_snes.json,3,5,0
snes,SonicBlastManII,stable,rumble\openai_retro\snes\stable\sonicblastmanii_snes.json,3,5,0
genesis,SonicTheHedgehog,stable,rumble\openai_retro\genesis\stable\sonicthehedgehog_genesis.json,11,7,5
genesis,SonicTheHedgehog2,stable,rumble\openai_retro\genesis\stable\sonicthehedgehog2_genesis.json,12,7,6
genesis,SonicTheHedgehog3,stable,rumble\openai_retro\genesis\stable\sonicthehedgehog3_genesis.json,6,4,3
genesis,SonicTheHedgehogRandomLevels,stable,rumble\openai_retro\genesis\stable\sonicthehedgehograndomlevels_genesis.json,3,1,2
snes,SonicWings,stable,rumble\openai_retro\snes\stable\sonicwings_snes.json,2,3,0
genesis,SpaceHarrierII,stable,rumble\openai_retro\genesis\stable\spaceharrierii_genesis.json,2,3,0
snes,SpaceInvaders,stable,rumble\openai_retro\snes\stable\spaceinvaders_snes.json,2,3,0
genesis,SpaceInvaders91,stable,rumble\openai_retro\genesis\stable\spaceinvaders91_genesis.json,2,3,0
snes,SpaceMegaforce,stable,rumble\openai_retro\snes\stable\spacemegaforce_snes.json,2,3,0
snes,SpankysQuest,stable,rumble\openai_retro\snes\stable\spankysquest_snes.json,4,4,1
genesis,Sparkster,stable,rumble\openai_retro\genesis\stable\sparkster_genesis.json,3,5,0
snes,Sparkster,stable,rumble\openai_retro\snes\stable\sparkster_snes.json,2,3,0
snes,SpeedyGonzalesLosGatosBandidos,stable,rumble\openai_retro\snes\stable\speedygonzaleslosgatosbandidos_snes.json,3,5,0
genesis,Splatterhouse2,stable,rumble\openai_retro\genesis\stable\splatterhouse2_genesis.json,3,5,0
genesis,SpotGoesToHollywood,stable,rumble\openai_retro\genesis\stable\spotgoestohollywood_genesis.json,2,3,0
snes,SprigganPowered,stable,rumble\openai_retro\snes\stable\sprigganpowered_snes.json,2,3,0
genesis,SteelEmpire,stable,rumble\openai_retro\genesis\stable\steelempire_genesis.json,2,3,0
genesis,SteelTalons,stable,rumble\openai_retro\genesis\stable\steeltalons_genesis.json,2,3,0
snes,StoneProtectors,stable,rumble\openai_retro\snes\stable\stoneprotectors_snes.json,3,5,0
genesis,Stormlord,stable,rumble\openai_retro\genesis\stable\stormlord_genesis.json,4,3,2
genesis,StreetFighterIISpecialChampionEdition,stable,rumble\openai_retro\genesis\stable\streetfighteriispecialchampionedition_genesis.json,6,4,3
genesis,StreetSmart,stable,rumble\openai_retro\genesis\stable\streetsmart_genesis.json,2,3,0
genesis,StreetsOfRage,stable,rumble\openai_retro\genesis\stable\streetsofrage_genesis.json,2,3,0
genesis,StreetsOfRage2,stable,rumble\openai_retro\genesis\stable\streetsofrage2_genesis.json,2,3,0
genesis,StreetsOfRage3,stable,rumble\openai_retro\genesis\stable\streetsofrage3_genesis.json,2,3,0
genesis,Strider,stable,rumble\openai_retro\genesis\stable\strider_genesis.json,3,5,0
genesis,SubTerrania,stable,rumble\openai_retro\genesis\stable\subterrania_genesis.json,2,3,0
genesis,SunsetRiders,stable,rumble\openai_retro\genesis\stable\sunsetriders_genesis.json,2,3,0
snes,SuperAdventureIsland,stable,rumble\openai_retro\snes\stable\superadventureisland_snes.json,4,4,1
snes,SuperAlfredChicken,stable,rumble\openai_retro\snes\stable\superalfredchicken_snes.json,2,3,0
snes,SuperBCKid,stable,rumble\openai_retro\snes\stable\superbckid_snes.json,3,5,0
snes,SuperCastlevaniaIV,stable,rumble\openai_retro\snes\stable\supercastlevaniaiv_snes.json,4,5,1
snes,SuperDoubleDragon,stable,rumble\openai_retro\snes\stable\superdoubledragon_snes.json,3,3,1
genesis,SuperFantasyZone,stable,rumble\openai_retro\genesis\stable\superfantasyzone_genesis.json,2,3,0
snes,SuperGhoulsnGhosts,stable,rumble\openai_retro\snes\stable\superghoulsnghosts_snes.json,2,3,0
snes,SuperJamesPond,stable,rumble\openai_retro\snes\stable\superjamespond_snes.json,3,5,0
genesis,Superman,stable,rumble\openai_retro\genesis\stable\superman_genesis.json,2,3,0
snes,SuperMarioWorld,stable,rumble\openai_retro\snes\stable\supermarioworld_snes.json,3,4,0
snes,SuperMarioWorld2,stable,rumble\openai_retro\snes\stable\supermarioworld2_snes.json,3,5,0
snes,SuperRType,stable,rumble\openai_retro\snes\stable\superrtype_snes.json,2,3,0
genesis,SuperSmashTV,stable,rumble\openai_retro\genesis\stable\supersmashtv_genesis.json,2,3,0
snes,SuperSmashTV,stable,rumble\openai_retro\snes\stable\supersmashtv_snes.json,2,3,0
snes,SuperStarWars,stable,rumble\openai_retro\snes\stable\superstarwars_snes.json,10,12,0
snes,SuperStarWarsReturnOfTheJedi,stable,rumble\openai_retro\snes\stable\superstarwarsreturnofthejedi_snes.json,9,11,0
snes,SuperStarWarsTheEmpireStrikesBack,stable,rumble\openai_retro\snes\stable\superstarwarstheempirestrikesback_snes.json,9,11,0
snes,SuperStrikeGunner,stable,rumble\openai_retro\snes\stable\superstrikegunner_snes.json,2,2,1
snes,SuperSWIV,stable,rumble\openai_retro\snes\stable\superswiv_snes.json,3,4,0
genesis,SuperThunderBlade,stable,rumble\openai_retro\genesis\stable\superthunderblade_genesis.json,2,3,0
snes,SuperTrollIslands,stable,rumble\openai_retro\snes\stable\supertrollislands_snes.json,4,4,1
snes,SuperTurrican,stable,rumble\openai_retro\snes\stable\superturrican_snes.json,3,5,0
snes,SuperTurrican2,stable,rumble\openai_retro\snes\stable\superturrican2_snes.json,4,6,0
snes,SuperValisIV,stable,rumble\openai_retro\snes\stable\supervalisiv_snes.json,2,3,0
snes,SuperWidget,stable,rumble\openai_retro\snes\stable\superwidget_snes.json,2,3,0
genesis,SwordOfSodan,stable,rumble\openai_retro\genesis\stable\swordofsodan_genesis.json,4,5,1
genesis,SydOfValis,stable,rumble\openai_retro\genesis\stable\sydofvalis_genesis.json,3,5,0
genesis,SylvesterAndTweetyInCageyCapers,stable,rumble\openai_retro\genesis\stable\sylvesterandtweetyincageycapers_genesis.json,2,3,0
genesis,T2TheArcadeGame,stable,rumble\openai_retro\genesis\stable\t2thearcadegame_genesis.json,3,4,0
genesis,TargetEarth,stable,rumble\openai_retro\genesis\stable\targetearth_genesis.json,2,3,0
genesis,TaskForceHarrierEX,stable,rumble\openai_retro\genesis\stable\taskforceharrierex_genesis.json,2,3,0
genesis,TazMania,stable,rumble\openai_retro\genesis\stable\tazmania_genesis.json,3,5,0
snes,TazMania,stable,rumble\openai_retro\snes\stable\tazmania_snes.json,4,4,1
snes,TeenageMutantNinjaTurtlesIVTurtlesInTime,stable,rumble\openai_retro\snes\stable\teenagemutantninjaturtlesivturtlesintime_snes.json,2,3,0
genesis,TeenageMutantNinjaTurtlesTheHyperstoneHeist,stable,rumble\openai_retro\genesis\stable\teenagemutantninjaturtlesthehyperstoneheist_genesis.json,3,5,0
genesis,TeenageMutantNinjaTurtlesTournamentFighters,stable,rumble\openai_retro\genesis\stable\teenagemutantninjaturtlestournamentfighters_genesis.json,5,4,2
genesis,Terminator,stable,rumble\openai_retro\genesis\stable\terminator_genesis.json,2,3,0
snes,TetrisAttack,stable,rumble\openai_retro\snes\stable\tetrisattack_snes.json,3,3,1
genesis,ThunderForceII,stable,rumble\openai_retro\genesis\stable\thunderforceii_genesis.json,2,3,0
genesis,ThunderForceIII,stable,rumble\openai_retro\genesis\stable\thunderforceiii_genesis.json,2,3,0
genesis,ThunderForceIV,stable,rumble\openai_retro\genesis\stable\thunderforceiv_genesis.json,2,3,0
genesis,ThunderFox,stable,rumble\openai_retro\genesis\stable\thunderfox_genesis.json,3,5,0
snes,ThunderSpirits,stable,rumble\openai_retro\snes\stable\thunderspirits_snes.json,2,3,0
genesis,Tick,stable,rumble\openai_retro\genesis\stable\tick_genesis.json,3,5,0
snes,Tick,stable,rumble\openai_retro\snes\stable\tick_snes.json,6,8,0
genesis,TinHead,stable,rumble\openai_retro\genesis\stable\tinhead_genesis.json,4,6,0
snes,TinyToonAdventuresBusterBustsLoose,stable,rumble\openai_retro\snes\stable\tinytoonadventuresbusterbustsloose_snes.json,3,5,0
genesis,TinyToonAdventuresBustersHiddenTreasure,stable,rumble\openai_retro\genesis\stable\tinytoonadventuresbustershiddentreasure_genesis.json,4,6,0
snes,TomAndJerry,stable,rumble\openai_retro\snes\stable\tomandjerry_snes.json,4,6,0
genesis,ToxicCrusaders,stable,rumble\openai_retro\genesis\stable\toxiccrusaders_genesis.json,3,5,0
genesis,TrampolineTerror,stable,rumble\openai_retro\genesis\stable\trampolineterror_genesis.json,2,3,0
genesis,TroubleShooter,stable,rumble\openai_retro\genesis\stable\troubleshooter_genesis.json,3,4,0
genesis,Truxton,stable,rumble\openai_retro\genesis\stable\truxton_genesis.json,2,3,0
genesis,Turrican,stable,rumble\openai_retro\genesis\stable\turrican_genesis.json,3,5,0
genesis,TwinCobraDesertAttackHelicopter,stable,rumble\openai_retro\genesis\stable\twincobradesertattackhelicopter_genesis.json,3,4,0
genesis,TwinkleTale,stable,rumble\openai_retro\genesis\stable\twinkletale_genesis.json,2,3,0
genesis,TwoCrudeDudes,stable,rumble\openai_retro\genesis\stable\twocrudedudes_genesis.json,3,5,0
snes,UchuuNoKishiTekkamanBlade,stable,rumble\openai_retro\snes\stable\uchuunokishitekkamanblade_snes.json,2,3,0
genesis,UndeadLine,stable,rumble\openai_retro\genesis\stable\undeadline_genesis.json,3,5,0
genesis,UniversalSoldier,stable,rumble\openai_retro\genesis\stable\universalsoldier_genesis.json,2,3,0
snes,UNSquadron,stable,rumble\openai_retro\snes\stable\unsquadron_snes.json,2,3,0
genesis,UzuKeobukseon,stable,rumble\openai_retro\genesis\stable\uzukeobukseon_genesis.json,2,3,0
genesis,VaporTrail,stable,rumble\openai_retro\genesis\stable\vaportrail_genesis.json,3,5,0
genesis,Vectorman,stable,rumble\openai_retro\genesis\stable\vectorman_genesis.json,2,3,0
genesis,Vectorman2,stable,rumble\openai_retro\genesis\stable\vectorman2_genesis.json,2,3,0
genesis,Viewpoint,stable,rumble\openai_retro\genesis\stable\viewpoint_genesis.json,2,3,0
genesis,VRTroopers,stable,rumble\openai_retro\genesis\stable\vrtroopers_genesis.json,5,4,2
genesis,WaniWaniWorld,stable,rumble\openai_retro\genesis\stable\waniwaniworld_genesis.json,2,3,0
genesis,Wardner,stable,rumble\openai_retro\genesis\stable\wardner_genesis.json,2,3,0
snes,WereBackADinosaursStory,stable,rumble\openai_retro\snes\stable\werebackadinosaursstory_snes.json,3,5,0
genesis,WhipRush,stable,rumble\openai_retro\genesis\stable\whiprush_genesis.json,7,8,0
genesis,WiznLiz,stable,rumble\openai_retro\genesis\stable\wiznliz_genesis.json,3,3,1
genesis,Wolfchild,stable,rumble\openai_retro\genesis\stable\wolfchild_genesis.json,3,5,0
snes,Wolfchild,stable,rumble\openai_retro\snes\stable\wolfchild_snes.json,3,5,0
genesis,WolverineAdamantiumRage,stable,rumble\openai_retro\genesis\stable\wolverineadamantiumrage_genesis.json,3,5,0
genesis,WorldHeroes,stable,rumble\openai_retro\genesis\stable\worldheroes_genesis.json,6,4,3
genesis,XDRXDazedlyRay,stable,rumble\openai_retro\genesis\stable\xdrxdazedlyray_genesis.json,2,3,0
genesis,Xenon2Megablast,stable,rumble\openai_retro\genesis\stable\xenon2megablast_genesis.json,2,3,0
snes,XKaliber2097,stable,rumble\openai_retro\snes\stable\xkaliber2097_snes.json,4,5,1
genesis,ZeroTheKamikazeSquirrel,stable,rumble\openai_retro\genesis\stable\zerothekamikazesquirrel_genesis.json,3,5,0
snes,ZeroTheKamikazeSquirrel,stable,rumble\openai_retro\snes\stable\zerothekamikazesquirrel_snes.json,3,5,0
genesis,ZeroWing,stable,rumble\openai_retro\genesis\stable\zerowing_genesis.json,3,3,1
snes,ZombiesAteMyNeighbors,stable,rumble\openai_retro\snes\stable\zombiesatemyneighbors_snes.json,5,6,1
genesis,ZoolNinjaOfTheNthDimension,stable,rumble\openai_retro\genesis\stable\zoolninjaofthenthdimension_genesis.json,4,5,1
snes,ZoolNinjaOfTheNthDimension,stable,rumble\openai_retro\snes\stable\zoolninjaofthenthdimension_snes.json,3,5,0
